epoch,acc,loss,val_acc,val_loss
0,0.24968152866242038,1.878110657072371,0.2492802080569343,1.8040417504086959
